Job Number,Title,Company,Location,URL
1,Software Developer/Analyst,Applied Research Laboratories ," Austin, TX",https://www.glassdoor.com/partner/jobListing.htm?pos=101&ao=496873&s=149&guid=0000016aaf40a247bf0492ca98ef1790&src=GD_JOB_AD&t=SRFJ&extid=4&exst=OL&ist=&ast=OL&vt=w&slr=true&cs=1_aec0f2fd&cb=1557718410401&jobListingId=3125564355
2,Software Developer Professional Services,Zenoss ," Austin, TX",https://www.glassdoor.com/partner/jobListing.htm?pos=102&ao=606787&s=149&guid=0000016aaf40a247bf0492ca98ef1790&src=GD_JOB_AD&t=SRFJ&extid=4&exst=OL&ist=&ast=OL&vt=w&slr=true&cs=1_aa387c8f&cb=1557718410404&jobListingId=3196369370
3,Full Stack Software Engineer,Dropbox ," Austin, TX",https://www.glassdoor.com/partner/jobListing.htm?pos=101&ao=471816&s=58&guid=0000016aaf40a2478d5ca9cb817efa47&src=GD_JOB_AD&t=SR&extid=1&exst=OL&ist=&ast=OL&vt=w&slr=true&cs=1_caf3bf8e&cb=1557718410408&jobListingId=3219724448
4,Software Developer,Evolve IP ," Austin, TX",https://www.glassdoor.com/partner/jobListing.htm?pos=102&ao=566379&s=58&guid=0000016aaf40a2478d5ca9cb817efa47&src=GD_JOB_AD&t=SR&extid=1&exst=OL&ist=&ast=OL&vt=w&slr=true&cs=1_a2afe392&cb=1557718410411&jobListingId=3151403000
5,Back End Software Engineer - GoDaddy,GoDaddy ," Austin, TX",https://www.glassdoor.com/partner/jobListing.htm?pos=103&ao=602377&s=58&guid=0000016aaf40a2478d5ca9cb817efa47&src=GD_JOB_AD&t=SR&extid=1&exst=OL&ist=&ast=OL&vt=w&slr=true&cs=1_c16e9370&cb=1557718410415&jobListingId=3205864736
6,Software Engineer,Spreetail ," Austin, TX",https://www.glassdoor.com/partner/jobListing.htm?pos=104&ao=451201&s=58&guid=0000016aaf40a2478d5ca9cb817efa47&src=GD_JOB_AD&t=SR&extid=1&exst=OL&ist=&ast=OL&vt=w&slr=true&cs=1_2b5ef1c3&cb=1557718410418&jobListingId=3148763438
7,Senior Software Engineer - ML Infrastructure Applications,Apple ," Austin, TX",https://www.glassdoor.com/partner/jobListing.htm?pos=105&ao=448831&s=58&guid=0000016aaf40a2478d5ca9cb817efa47&src=GD_JOB_AD&t=SR&extid=1&exst=OL&ist=&ast=OL&vt=w&slr=true&cs=1_8a2e8bfa&cb=1557718410422&jobListingId=3225579264
8,Back End Software Engineer,Proofpoint ," Austin, TX",https://www.glassdoor.com/partner/jobListing.htm?pos=106&ao=121394&s=58&guid=0000016aaf40a2478d5ca9cb817efa47&src=GD_JOB_AD&t=SR&extid=1&exst=OL&ist=&ast=OL&vt=w&slr=true&cs=1_078e6fad&cb=1557718410425&jobListingId=3195156571
9,Software Engineer (Graduate Degree),PayPal ," Austin, TX",https://www.glassdoor.com/partner/jobListing.htm?pos=107&ao=566294&s=58&guid=0000016aaf40a2478d5ca9cb817efa47&src=GD_JOB_AD&t=SR&extid=1&exst=OL&ist=&ast=OL&vt=w&slr=true&cs=1_c80d1c4d&cb=1557718410429&jobListingId=2910413380
10,Principal Software Engineer (Backend),Procore Technologies ," Austin, TX",https://www.glassdoor.com/partner/jobListing.htm?pos=108&ao=151792&s=58&guid=0000016aaf40a2478d5ca9cb817efa47&src=GD_JOB_AD&t=SR&extid=1&exst=OL&ist=&ast=OL&vt=w&slr=true&ea=1&cs=1_da42f101&cb=1557718410432&jobListingId=3227654287
11,Junior Software Developer,FDM Group ," Austin, TX",https://www.glassdoor.com/partner/jobListing.htm?pos=109&ao=447305&s=58&guid=0000016aaf40a2478d5ca9cb817efa47&src=GD_JOB_AD&t=SR&extid=1&exst=OL&ist=&ast=OL&vt=w&slr=true&cs=1_1ddb7fdd&cb=1557718410435&jobListingId=3042884828
12,Software Developer,Indeed Prime ," Austin, TX",https://www.glassdoor.com/partner/jobListing.htm?pos=110&ao=437617&s=58&guid=0000016aaf40a2478d5ca9cb817efa47&src=GD_JOB_AD&t=SR&extid=1&exst=OL&ist=&ast=OL&vt=w&slr=true&cs=1_47f70ca5&cb=1557718410439&jobListingId=3152503056
13,Senior ETL / BI Developer,Rightly ," Austin, TX",https://www.glassdoor.com/partner/jobListing.htm?pos=111&ao=608272&s=58&guid=0000016aaf40a2478d5ca9cb817efa47&src=GD_JOB_AD&t=SR&extid=1&exst=OL&ist=&ast=OL&vt=w&slr=true&cs=1_1622589c&cb=1557718410442&jobListingId=3198719201
14,Part Time Sitecore Developer - Remote,Simple [A] ," Austin, TX",https://www.glassdoor.com/partner/jobListing.htm?pos=112&ao=537345&s=58&guid=0000016aaf40a2478d5ca9cb817efa47&src=GD_JOB_AD&t=SR&extid=1&exst=OL&ist=&ast=OL&vt=w&slr=true&ea=1&cs=1_fe07a080&cb=1557718410445&jobListingId=3082290105
15,Software Engineer 1,Dell ," Round Rock, TX",https://www.glassdoor.com/partner/jobListing.htm?pos=113&ao=596254&s=58&guid=0000016aaf40a2478d5ca9cb817efa47&src=GD_JOB_AD&t=SR&extid=1&exst=OL&ist=&ast=OL&vt=w&slr=true&cs=1_eb8acf6c&cb=1557718410454&jobListingId=3166060965
16,REMOTE Senior Software Developer,CyberCoders ," Austin, TX",https://www.glassdoor.com/partner/jobListing.htm?pos=114&ao=291820&s=58&guid=0000016aaf40a2478d5ca9cb817efa47&src=GD_JOB_AD&t=SR&extid=1&exst=OL&ist=&ast=OL&vt=w&slr=true&cs=1_63d1ce20&cb=1557718410457&jobListingId=3230063018
17,Sr. Software Developer - C#,Aristocrat Technologies ," Austin, TX",https://www.glassdoor.com/partner/jobListing.htm?pos=115&ao=476529&s=58&guid=0000016aaf40a2478d5ca9cb817efa47&src=GD_JOB_AD&t=SR&extid=1&exst=OL&ist=&ast=OL&vt=w&slr=true&cs=1_d9631139&cb=1557718410460&jobListingId=3190267970
18,DevOps Engineer,Proofpoint ," Austin, TX",https://www.glassdoor.com/partner/jobListing.htm?pos=116&ao=121394&s=58&guid=0000016aaf40a2478d5ca9cb817efa47&src=GD_JOB_AD&t=SR&extid=1&exst=OL&ist=&ast=OL&vt=w&slr=true&cs=1_9e80845b&cb=1557718410463&jobListingId=3197214437
19,Front-End Web Developer,Dell ," Round Rock, TX",https://www.glassdoor.com/partner/jobListing.htm?pos=117&ao=596249&s=58&guid=0000016aaf40a2478d5ca9cb817efa47&src=GD_JOB_AD&t=SR&extid=1&exst=OL&ist=&ast=OL&vt=w&slr=true&cs=1_eb163a75&cb=1557718410466&jobListingId=3226044425
20,Full Stack Developer - First Mile,General Motors ," Austin, TX",https://www.glassdoor.com/partner/jobListing.htm?pos=118&ao=605271&s=58&guid=0000016aaf40a2478d5ca9cb817efa47&src=GD_JOB_AD&t=SR&extid=1&exst=OL&ist=&ast=OL&vt=w&slr=true&cs=1_64bc837a&cb=1557718410469&jobListingId=3178300100
21,Software Engineer,Dell ," Austin, TX",https://www.glassdoor.com/partner/jobListing.htm?pos=119&ao=596249&s=58&guid=0000016aaf40a2478d5ca9cb817efa47&src=GD_JOB_AD&t=SR&extid=1&exst=OL&ist=&ast=OL&vt=w&slr=true&cs=1_47aa85ef&cb=1557718410472&jobListingId=3219463465
22,Software Developer,Kforce ," Austin, TX",https://www.glassdoor.com/partner/jobListing.htm?pos=120&ao=226479&s=58&guid=0000016aaf40a2478d5ca9cb817efa47&src=GD_JOB_AD&t=SR&extid=1&exst=OL&ist=&ast=OL&vt=w&slr=true&cs=1_b266d4dd&cb=1557718410475&jobListingId=3127983714
23,Senior Software Engineer,Convey ," Austin, TX",https://www.glassdoor.com/partner/jobListing.htm?pos=121&ao=539858&s=58&guid=0000016aaf40a2478d5ca9cb817efa47&src=GD_JOB_AD&t=SR&extid=1&exst=OL&ist=&ast=OL&vt=w&slr=true&ea=1&cs=1_e6fc010d&cb=1557718410478&jobListingId=3228391828
24,Software Developer,"ScaleFactor, Inc. "," Austin, TX",https://www.glassdoor.com/partner/jobListing.htm?pos=122&ao=538815&s=58&guid=0000016aaf40a2478d5ca9cb817efa47&src=GD_JOB_AD&t=SR&extid=1&exst=OL&ist=&ast=OL&vt=w&slr=true&ea=1&cs=1_40fc232e&cb=1557718410481&jobListingId=3129503286
25,Software Engineer,Adobe ," Austin, TX",https://www.glassdoor.com/partner/jobListing.htm?pos=123&ao=441858&s=58&guid=0000016aaf40a2478d5ca9cb817efa47&src=GD_JOB_AD&t=SR&extid=1&exst=OL&ist=&ast=OL&vt=w&slr=true&cs=1_593b8bfb&cb=1557718410484&jobListingId=3148999840
26,Software Developer â€“ Entry Level,Nokia ," Austin, TX",https://www.glassdoor.com/partner/jobListing.htm?pos=124&ao=133210&s=58&guid=0000016aaf40a2478d5ca9cb817efa47&src=GD_JOB_AD&t=SR&extid=1&exst=OL&ist=&ast=OL&vt=w&slr=true&cs=1_e6eb02b1&cb=1557718410487&jobListingId=3199102384
27,Full Stack Software Developer,YETI Coolers ," Austin, TX",https://www.glassdoor.com/partner/jobListing.htm?pos=125&ao=507272&s=58&guid=0000016aaf40a2478d5ca9cb817efa47&src=GD_JOB_AD&t=SR&extid=1&exst=OL&ist=&ast=OL&vt=w&slr=true&cs=1_dbc405eb&cb=1557718410490&jobListingId=3151721996
28,Software Engineer,Visa Inc. ," Austin, TX",https://www.glassdoor.com/partner/jobListing.htm?pos=126&ao=485473&s=58&guid=0000016aaf40a2478d5ca9cb817efa47&src=GD_JOB_AD&t=SR&extid=1&exst=OL&ist=&ast=OL&vt=w&slr=true&cs=1_65dcac4c&cb=1557718410494&jobListingId=3002860343
29,DevOps Engineer,Social Solutions ," Austin, TX",https://www.glassdoor.com/partner/jobListing.htm?pos=127&ao=571739&s=58&guid=0000016aaf40a2478d5ca9cb817efa47&src=GD_JOB_AD&t=SR&extid=1&exst=OL&ist=&ast=OL&vt=w&slr=true&cs=1_b90d4683&cb=1557718410497&jobListingId=3191566028
30,Senior Back End Software Engineer - Data Platform,GoDaddy ," Austin, TX",https://www.glassdoor.com/partner/jobListing.htm?pos=128&ao=602377&s=58&guid=0000016aaf40a2478d5ca9cb817efa47&src=GD_JOB_AD&t=SR&extid=1&exst=OL&ist=&ast=OL&vt=w&slr=true&cs=1_b633474a&cb=1557718410500&jobListingId=3055006693
31,Software Developer,Evolve IP ," Austin, TX",https://www.glassdoor.com/partner/jobListing.htm?pos=201&ao=566379&s=149&guid=0000016aaf40b88584fca7cfdd517e60&src=GD_JOB_AD&t=SRFJ&extid=4&exst=OL&ist=&ast=OL&vt=w&slr=true&cs=1_50851690&cb=1557718416016&jobListingId=3151403000
32,Junior Software Developer,FDM Group ," Austin, TX",https://www.glassdoor.com/partner/jobListing.htm?pos=202&ao=447305&s=149&guid=0000016aaf40b88584fca7cfdd517e60&src=GD_JOB_AD&t=SRFJ&extid=4&exst=OL&ist=&ast=OL&vt=w&slr=true&cs=1_48a06cc3&cb=1557718416020&jobListingId=3042884828
33,Entry Level Software Engineer (No Coding Experience Required),Revature ," Austin, TX",https://www.glassdoor.com/partner/jobListing.htm?pos=201&ao=567544&s=58&guid=0000016aaf40b8859a98e18605c508fa&src=GD_JOB_AD&t=SR&extid=1&exst=OL&ist=&ast=OL&vt=w&slr=true&cs=1_eb0ff91f&cb=1557718416023&jobListingId=3152526559
34,Software Engineer - Austin,Trustwork ," Austin, TX",https://www.glassdoor.com/partner/jobListing.htm?pos=202&ao=539869&s=58&guid=0000016aaf40b8859a98e18605c508fa&src=GD_JOB_AD&t=SR&extid=1&exst=OL&ist=&ast=OL&vt=w&slr=true&ea=1&cs=1_21786ff5&cb=1557718416026&jobListingId=3108930846
35,Software Development Engineer in Test (SDET),Duo Security ," Austin, TX",https://www.glassdoor.com/partner/jobListing.htm?pos=203&ao=440205&s=58&guid=0000016aaf40b8859a98e18605c508fa&src=GD_JOB_AD&t=SR&extid=1&exst=OL&ist=&ast=OL&vt=w&slr=true&ea=1&cs=1_0c6d520b&cb=1557718416029&jobListingId=3186304080
36,RBM Software Engineer I,Myriad Genetics ," Austin, TX",https://www.glassdoor.com/partner/jobListing.htm?pos=204&ao=479647&s=58&guid=0000016aaf40b8859a98e18605c508fa&src=GD_JOB_AD&t=SR&extid=1&exst=OL&ist=&ast=OL&vt=w&slr=true&cs=1_2d453d00&cb=1557718416039&jobListingId=3204624137
37,Software Engineer (Undergrad Degree),PayPal ," Austin, TX",https://www.glassdoor.com/partner/jobListing.htm?pos=205&ao=566294&s=58&guid=0000016aaf40b8859a98e18605c508fa&src=GD_JOB_AD&t=SR&extid=1&exst=OL&ist=&ast=OL&vt=w&slr=true&cs=1_cdbc88db&cb=1557718416042&jobListingId=2910412278
38,"Software Developer Intern, Summer",IBM ," Austin, TX",https://www.glassdoor.com/partner/jobListing.htm?pos=206&ao=140152&s=58&guid=0000016aaf40b8859a98e18605c508fa&src=GD_JOB_AD&t=SR&extid=1&exst=OL&ist=&ast=OL&vt=w&slr=true&cs=1_d3f1a79d&cb=1557718416045&jobListingId=3227015280
39,Angular Web Developer,Dell ," Austin, TX",https://www.glassdoor.com/partner/jobListing.htm?pos=207&ao=596254&s=58&guid=0000016aaf40b8859a98e18605c508fa&src=GD_JOB_AD&t=SR&extid=1&exst=OL&ist=&ast=OL&vt=w&slr=true&cs=1_33a14a92&cb=1557718416047&jobListingId=3191365162
40,Senior Back End Software Engineer - GoDaddy,GoDaddy ," Austin, TX",https://www.glassdoor.com/partner/jobListing.htm?pos=208&ao=602377&s=58&guid=0000016aaf40b8859a98e18605c508fa&src=GD_JOB_AD&t=SR&extid=1&exst=OL&ist=&ast=OL&vt=w&slr=true&cs=1_275f02ad&cb=1557718416050&jobListingId=3215164144
41,Tech Content Developer 3,Dell ," Austin, TX",https://www.glassdoor.com/partner/jobListing.htm?pos=209&ao=596251&s=58&guid=0000016aaf40b8859a98e18605c508fa&src=GD_JOB_AD&t=SR&extid=1&exst=OL&ist=&ast=OL&vt=w&slr=true&cs=1_66123c72&cb=1557718416053&jobListingId=3149591494
42,Junior Front End Developer,Revature ," Austin, TX",https://www.glassdoor.com/partner/jobListing.htm?pos=210&ao=567544&s=58&guid=0000016aaf40b8859a98e18605c508fa&src=GD_JOB_AD&t=SR&extid=1&exst=OL&ist=&ast=OL&vt=w&slr=true&cs=1_cfa767cb&cb=1557718416056&jobListingId=3152540903
43,Senior Business Application Developer,Actian Corporation ," Round Rock, TX",https://www.glassdoor.com/partner/jobListing.htm?pos=211&ao=500766&s=58&guid=0000016aaf40b8859a98e18605c508fa&src=GD_JOB_AD&t=SR&extid=1&exst=OL&ist=&ast=OL&vt=w&slr=true&cs=1_9e47e2f2&cb=1557718416059&jobListingId=3190240897
44,Principal Software Engineer,RetailMeNot ," Austin, TX",https://www.glassdoor.com/partner/jobListing.htm?pos=212&ao=372641&s=58&guid=0000016aaf40b8859a98e18605c508fa&src=GD_JOB_AD&t=SR&extid=1&exst=OL&ist=&ast=OL&vt=w&slr=true&cs=1_3623b3ff&cb=1557718416062&jobListingId=3039830650
45,Front End Software Engineering Manager,Modernize ," Austin, TX",https://www.glassdoor.com/partner/jobListing.htm?pos=213&ao=508643&s=58&guid=0000016aaf40b8859a98e18605c508fa&src=GD_JOB_AD&t=SR&extid=1&exst=OL&ist=&ast=OL&vt=w&slr=true&ea=1&cs=1_b6a0ca66&cb=1557718416065&jobListingId=3063176936
46,Software Engineer,MyFitnessPal ," Austin, TX",https://www.glassdoor.com/partner/jobListing.htm?pos=214&ao=4120&s=58&guid=0000016aaf40b8859a98e18605c508fa&src=GD_JOB_AD&t=SR&extid=1&exst=OL&ist=&ast=OL&vt=w&slr=true&cs=1_429c8689&cb=1557718416068&jobListingId=3153353677
47,Software Engineer,Opcity ," Austin, TX",https://www.glassdoor.com/partner/jobListing.htm?pos=215&ao=586517&s=58&guid=0000016aaf40b8859a98e18605c508fa&src=GD_JOB_AD&t=SR&extid=1&exst=OL&ist=&ast=OL&vt=w&slr=true&cs=1_f2ac3bf7&cb=1557718416071&jobListingId=3180487405
48,Junior Software Developer,Revature ," Austin, TX",https://www.glassdoor.com/partner/jobListing.htm?pos=216&ao=567544&s=58&guid=0000016aaf40b8859a98e18605c508fa&src=GD_JOB_AD&t=SR&extid=1&exst=OL&ist=&ast=OL&vt=w&slr=true&cs=1_332ee8af&cb=1557718416074&jobListingId=3152546344
49,Software Developer,Springbox ," Austin, TX",https://www.glassdoor.com/partner/jobListing.htm?pos=217&ao=283198&s=58&guid=0000016aaf40b8859a98e18605c508fa&src=GD_JOB_AD&t=SR&extid=1&exst=OL&ist=&ast=OL&vt=w&slr=true&cs=1_dbc12706&cb=1557718416077&jobListingId=3229819698
50,Software Developer,VersaSuite ," Austin, TX",https://www.glassdoor.com/partner/jobListing.htm?pos=218&ao=4120&s=58&guid=0000016aaf40b8859a98e18605c508fa&src=GD_JOB_AD&t=SR&extid=1&exst=OL&ist=&ast=OL&vt=w&slr=true&cs=1_5888802b&cb=1557718416080&jobListingId=1148916549
51,Mobile Developer,"ScaleFactor, Inc. "," Austin, TX",https://www.glassdoor.com/partner/jobListing.htm?pos=219&ao=538816&s=58&guid=0000016aaf40b8859a98e18605c508fa&src=GD_JOB_AD&t=SR&extid=1&exst=OL&ist=&ast=OL&vt=w&slr=true&ea=1&cs=1_b426c502&cb=1557718416083&jobListingId=2764950955
52,Software Engineer - Platform,Algorithmia ," Austin, TX",https://www.glassdoor.com/partner/jobListing.htm?pos=220&ao=590651&s=58&guid=0000016aaf40b8859a98e18605c508fa&src=GD_JOB_AD&t=SR&extid=1&exst=OL&ist=&ast=OL&vt=w&slr=true&ea=1&cs=1_d016ae60&cb=1557718416086&jobListingId=3103188083
53,Software Engineer Accelerator-Rotation Program,Experian ," Austin, TX",https://www.glassdoor.com/partner/jobListing.htm?pos=221&ao=610994&s=58&guid=0000016aaf40b8859a98e18605c508fa&src=GD_JOB_AD&t=SR&extid=1&exst=OL&ist=&ast=OL&vt=w&slr=true&cs=1_bc74c22d&cb=1557718416089&jobListingId=3127185734
54,"Software Engineer, Dynamic Pricing",Kapsch ," Austin, TX",https://www.glassdoor.com/partner/jobListing.htm?pos=222&ao=553237&s=58&guid=0000016aaf40b8859a98e18605c508fa&src=GD_JOB_AD&t=SR&extid=1&exst=OL&ist=&ast=OL&vt=w&slr=true&cs=1_7eadcbc4&cb=1557718416098&jobListingId=3151669528
55,Software Engineer,Cisco Systems ," Austin, TX",https://www.glassdoor.com/partner/jobListing.htm?pos=223&ao=377062&s=58&guid=0000016aaf40b8859a98e18605c508fa&src=GD_JOB_AD&t=SR&extid=1&exst=OL&ist=&ast=OL&vt=w&slr=true&cs=1_eaba5542&cb=1557718416101&jobListingId=3111205983
56,Software Developer,Acara Solutions ," Austin, TX",https://www.glassdoor.com/partner/jobListing.htm?pos=224&ao=83255&s=58&guid=0000016aaf40b8859a98e18605c508fa&src=GD_JOB_AD&t=SR&extid=1&exst=OL&ist=&ast=OL&vt=w&slr=true&cs=1_eba324cb&cb=1557718416104&jobListingId=3199525182
57,Staff Software Engineer (Backend),Procore Technologies ," Austin, TX",https://www.glassdoor.com/partner/jobListing.htm?pos=225&ao=151792&s=58&guid=0000016aaf40b8859a98e18605c508fa&src=GD_JOB_AD&t=SR&extid=1&exst=OL&ist=&ast=OL&vt=w&slr=true&ea=1&cs=1_0887cb81&cb=1557718416107&jobListingId=3226533393
58,Software Engineer,Hewlett Packard Enterprise ," Austin, TX",https://www.glassdoor.com/partner/jobListing.htm?pos=226&ao=135897&s=58&guid=0000016aaf40b8859a98e18605c508fa&src=GD_JOB_AD&t=SR&extid=1&exst=OL&ist=&ast=OL&vt=w&slr=true&cs=1_05c8ca16&cb=1557718416110&jobListingId=3056432517
59,Software Developer,INFICON ," Austin, TX",https://www.glassdoor.com/partner/jobListing.htm?pos=227&ao=4348&s=58&guid=0000016aaf40b8859a98e18605c508fa&src=GD_JOB_AD&t=SR&extid=1&exst=OL&ist=&ast=OL&vt=w&slr=true&ea=1&cs=1_54319610&cb=1557718416113&jobListingId=3198724165
60,Software Developer,Trowbridge & Trowbridge ," Austin, TX",https://www.glassdoor.com/partner/jobListing.htm?pos=228&ao=60939&s=58&guid=0000016aaf40b8859a98e18605c508fa&src=GD_JOB_AD&t=SR&extid=1&exst=OL&ist=&ast=OL&vt=w&slr=true&cs=1_c8339166&cb=1557718416116&jobListingId=3153320354
61,Software Developer,Pushnami ," Austin, TX",https://www.glassdoor.com/partner/jobListing.htm?pos=229&ao=389273&s=58&guid=0000016aaf40b8859a98e18605c508fa&src=GD_JOB_AD&t=SR&extid=1&exst=OL&ist=&ast=OL&vt=w&slr=true&ea=1&cs=1_27b561b7&cb=1557718416119&jobListingId=3156721802
62,"Software Engineer, Developer",Trend Micro ," Austin, TX",https://www.glassdoor.com/partner/jobListing.htm?pos=230&ao=4008&s=58&guid=0000016aaf40b8859a98e18605c508fa&src=GD_JOB_AD&t=SR&extid=1&exst=OL&ist=&ast=OL&vt=w&slr=true&cs=1_6b2fd59e&cb=1557718416122&jobListingId=3155771580
63,Sr. Software Developer - C#,Aristocrat Technologies ," Austin, TX",https://www.glassdoor.com/partner/jobListing.htm?pos=301&ao=476529&s=149&guid=0000016aaf40d7bd925f98cb7aaf3b88&src=GD_JOB_AD&t=SRFJ&extid=4&exst=OL&ist=&ast=OL&vt=w&slr=true&cs=1_20cff336&cb=1557718424127&jobListingId=3190267970
64,Senior Software Engineer - L3 Salesforce Developer,Dell ," Round Rock, TX",https://www.glassdoor.com/partner/jobListing.htm?pos=302&ao=596254&s=149&guid=0000016aaf40d7bd925f98cb7aaf3b88&src=GD_JOB_AD&t=SRFJ&extid=4&exst=OL&ist=&ast=OL&vt=w&slr=true&cs=1_91258b2c&cb=1557718424131&jobListingId=3140754772
65,Software Developer - Full Stack ( Summer Intern ),IBM ," Austin, TX",https://www.glassdoor.com/partner/jobListing.htm?pos=301&ao=140152&s=58&guid=0000016aaf40d7bd8b985deb7ea035f6&src=GD_JOB_AD&t=SR&extid=1&exst=OL&ist=&ast=OL&vt=w&slr=true&cs=1_96b39031&cb=1557718424134&jobListingId=3185445235
66,Associate Software Developer - 2019 ATE College Recruiting Program,Pearson ," Austin, TX",https://www.glassdoor.com/partner/jobListing.htm?pos=302&ao=393813&s=58&guid=0000016aaf40d7bd8b985deb7ea035f6&src=GD_JOB_AD&t=SR&extid=1&exst=OL&ist=&ast=OL&vt=w&slr=true&cs=1_8f4016fd&cb=1557718424144&jobListingId=3192383502
67,Software Engineering Associate,Applied Research Laboratories ," Austin, TX",https://www.glassdoor.com/partner/jobListing.htm?pos=303&ao=496873&s=58&guid=0000016aaf40d7bd8b985deb7ea035f6&src=GD_JOB_AD&t=SR&extid=1&exst=OL&ist=&ast=OL&vt=w&slr=true&cs=1_2e9e2169&cb=1557718424147&jobListingId=3225115474
68,Principal Software Engineer,Convey ," Austin, TX",https://www.glassdoor.com/partner/jobListing.htm?pos=304&ao=539858&s=58&guid=0000016aaf40d7bd8b985deb7ea035f6&src=GD_JOB_AD&t=SR&extid=1&exst=OL&ist=&ast=OL&vt=w&slr=true&ea=1&cs=1_6a76ed09&cb=1557718424151&jobListingId=3099911918
69,Software Developer,Kasasa ," Austin, TX",https://www.glassdoor.com/partner/jobListing.htm?pos=305&ao=37049&s=58&guid=0000016aaf40d7bd8b985deb7ea035f6&src=GD_JOB_AD&t=SR&extid=1&exst=OL&ist=&ast=OL&vt=w&slr=true&cs=1_048d342d&cb=1557718424154&jobListingId=3154150307
70,Senior Networking Software Developer,IBM ," Austin, TX",https://www.glassdoor.com/partner/jobListing.htm?pos=306&ao=140152&s=58&guid=0000016aaf40d7bd8b985deb7ea035f6&src=GD_JOB_AD&t=SR&extid=1&exst=OL&ist=&ast=OL&vt=w&slr=true&cs=1_b3b082f2&cb=1557718424157&jobListingId=3225659204
71,Software Developer: Scientific Applications,Enthought ," Austin, TX",https://www.glassdoor.com/partner/jobListing.htm?pos=307&ao=4120&s=58&guid=0000016aaf40d7bd8b985deb7ea035f6&src=GD_JOB_AD&t=SR&extid=1&exst=OL&ist=&ast=OL&vt=w&slr=true&ea=1&cs=1_aa45a795&cb=1557718424160&jobListingId=3008528849
72,Software Developer,IBM ," Austin, TX",https://www.glassdoor.com/partner/jobListing.htm?pos=308&ao=140152&s=58&guid=0000016aaf40d7bd8b985deb7ea035f6&src=GD_JOB_AD&t=SR&extid=1&exst=OL&ist=&ast=OL&vt=w&slr=true&cs=1_8e8f0ca0&cb=1557718424163&jobListingId=3229487811
73,Software Developer,Booz Allen Hamilton Inc. ," Austin, TX",https://www.glassdoor.com/partner/jobListing.htm?pos=309&ao=134088&s=58&guid=0000016aaf40d7bd8b985deb7ea035f6&src=GD_JOB_AD&t=SR&extid=1&exst=OL&ist=&ast=OL&vt=w&slr=true&cs=1_1018f702&cb=1557718424166&jobListingId=3143445569
74,Software Engineer IV (Java),CDK Global ," Austin, TX",https://www.glassdoor.com/partner/jobListing.htm?pos=310&ao=141252&s=58&guid=0000016aaf40d7bd8b985deb7ea035f6&src=GD_JOB_AD&t=SR&extid=1&exst=OL&ist=&ast=OL&vt=w&slr=true&cs=1_b5057123&cb=1557718424170&jobListingId=3193140491
75,Software Development Engineering Scientist Associate,Applied Research Laboratories ," Austin, TX",https://www.glassdoor.com/partner/jobListing.htm?pos=311&ao=586857&s=58&guid=0000016aaf40d7bd8b985deb7ea035f6&src=GD_JOB_AD&t=SR&extid=1&exst=OL&ist=&ast=OL&vt=w&slr=true&cs=1_8dbf72e7&cb=1557718424173&jobListingId=3203634141
76,Baseband Software Developer (Recent Grad),Ericsson-Worldwide ," Austin, TX",https://www.glassdoor.com/partner/jobListing.htm?pos=312&ao=179752&s=58&guid=0000016aaf40d7bd8b985deb7ea035f6&src=GD_JOB_AD&t=SR&extid=1&exst=OL&ist=&ast=OL&vt=w&slr=true&cs=1_f1b99b76&cb=1557718424176&jobListingId=3093766301
77,Software Developer,Texas Mutual ," Austin, TX",https://www.glassdoor.com/partner/jobListing.htm?pos=313&ao=242900&s=58&guid=0000016aaf40d7bd8b985deb7ea035f6&src=GD_JOB_AD&t=SR&extid=1&exst=OL&ist=&ast=OL&vt=w&slr=true&cs=1_695ba1ec&cb=1557718424179&jobListingId=3129348710
78,Intern - DevOps Engineer,Acxiom ," Austin, TX",https://www.glassdoor.com/partner/jobListing.htm?pos=314&ao=108003&s=58&guid=0000016aaf40d7bd8b985deb7ea035f6&src=GD_JOB_AD&t=SR&extid=1&exst=OL&ist=&ast=OL&vt=w&slr=true&cs=1_e0f81298&cb=1557718424182&jobListingId=3207230486
79,Senior Software Engineer,Bentley Systems ," Austin, TX",https://www.glassdoor.com/partner/jobListing.htm?pos=315&ao=232363&s=58&guid=0000016aaf40d7bd8b985deb7ea035f6&src=GD_JOB_AD&t=SR&extid=1&exst=OL&ist=&ast=OL&vt=w&slr=true&cs=1_19a36101&cb=1557718424185&jobListingId=3116179462
80,Software Developer,Everi ," Austin, TX",https://www.glassdoor.com/partner/jobListing.htm?pos=316&ao=4121&s=58&guid=0000016aaf40d7bd8b985deb7ea035f6&src=GD_JOB_AD&t=SR&extid=1&exst=OL&ist=&ast=OL&vt=w&slr=true&cs=1_10f20678&cb=1557718424188&jobListingId=3224071551
81,Software Developer,FICO ," Austin, TX",https://www.glassdoor.com/partner/jobListing.htm?pos=317&ao=242900&s=58&guid=0000016aaf40d7bd8b985deb7ea035f6&src=GD_JOB_AD&t=SR&extid=1&exst=OL&ist=&ast=OL&vt=w&slr=true&cs=1_52e2e795&cb=1557718424191&jobListingId=3186267505
82,Senior Software Engineer,Digital Media Solutions ," Austin, TX",https://www.glassdoor.com/partner/jobListing.htm?pos=318&ao=517113&s=58&guid=0000016aaf40d7bd8b985deb7ea035f6&src=GD_JOB_AD&t=SR&extid=1&exst=OL&ist=&ast=OL&vt=w&slr=true&cs=1_3580702d&cb=1557718424195&jobListingId=3116772413
83,Software Developer Internship,CACI International ," Austin, TX",https://www.glassdoor.com/partner/jobListing.htm?pos=319&ao=205804&s=58&guid=0000016aaf40d7bd8b985deb7ea035f6&src=GD_JOB_AD&t=SR&extid=1&exst=OL&ist=&ast=OL&vt=w&slr=true&cs=1_472bc913&cb=1557718424204&jobListingId=3206506940
84,Software Developer/Analyst,Waypoint Analytical ," Austin, TX",https://www.glassdoor.com/partner/jobListing.htm?pos=320&ao=389273&s=58&guid=0000016aaf40d7bd8b985deb7ea035f6&src=GD_JOB_AD&t=SR&extid=1&exst=OL&ist=&ast=OL&vt=w&slr=true&ea=1&cs=1_5baa06d0&cb=1557718424208&jobListingId=3216200809
85,Software Developer,Collabera ," Austin, TX",https://www.glassdoor.com/partner/jobListing.htm?pos=321&ao=278067&s=58&guid=0000016aaf40d7bd8b985deb7ea035f6&src=GD_JOB_AD&t=SR&extid=1&exst=OL&ist=&ast=OL&vt=w&slr=true&cs=1_b394f412&cb=1557718424211&jobListingId=3217818887
86,"Software Developer, Business Operations Engineering",Facebook ," Austin, TX",https://www.glassdoor.com/partner/jobListing.htm?pos=322&ao=456838&s=58&guid=0000016aaf40d7bd8b985deb7ea035f6&src=GD_JOB_AD&t=SR&extid=1&exst=OL&ist=&ast=OL&vt=w&slr=true&cs=1_d95a7015&cb=1557718424214&jobListingId=3189431094
87,Software Developer,TrendMicro ," Austin, TX",https://www.glassdoor.com/partner/jobListing.htm?pos=323&ao=189299&s=58&guid=0000016aaf40d7bd8b985deb7ea035f6&src=GD_JOB_AD&t=SR&extid=1&exst=OL&ist=&ast=OL&vt=w&slr=true&cs=1_9de4d1f2&cb=1557718424218&jobListingId=3210728634
88,Software Developer,ClearDATA ," Austin, TX",https://www.glassdoor.com/partner/jobListing.htm?pos=324&ao=4348&s=58&guid=0000016aaf40d7bd8b985deb7ea035f6&src=GD_JOB_AD&t=SR&extid=1&exst=OL&ist=&ast=OL&vt=w&slr=true&ea=1&cs=1_ce185447&cb=1557718424221&jobListingId=3171393861
89,Software Developer,Kforce Technology Staffing ," Austin, TX",https://www.glassdoor.com/partner/jobListing.htm?pos=325&ao=450116&s=58&guid=0000016aaf40d7bd8b985deb7ea035f6&src=GD_JOB_AD&t=SR&extid=1&exst=OL&ist=&ast=OL&vt=w&slr=true&cs=1_85849c13&cb=1557718424225&jobListingId=3194813243
90,Analytical Software Developer,Metasys Technologies ," Austin, TX",https://www.glassdoor.com/partner/jobListing.htm?pos=326&ao=83255&s=58&guid=0000016aaf40d7bd8b985deb7ea035f6&src=GD_JOB_AD&t=SR&extid=1&exst=OL&ist=&ast=OL&vt=w&slr=true&cs=1_fc5ef904&cb=1557718424228&jobListingId=3196763450
91,Software Developer,Custom by Sock Club ," Austin, TX",https://www.glassdoor.com/partner/jobListing.htm?pos=327&ao=389273&s=58&guid=0000016aaf40d7bd8b985deb7ea035f6&src=GD_JOB_AD&t=SR&extid=1&exst=OL&ist=&ast=OL&vt=w&slr=true&ea=1&cs=1_a77761c1&cb=1557718424231&jobListingId=3221845767
92,Software Developer,Chisholm Financial Labs ," Austin, TX",https://www.glassdoor.com/partner/jobListing.htm?pos=328&ao=389273&s=58&guid=0000016aaf40d7bd8b985deb7ea035f6&src=GD_JOB_AD&t=SR&extid=1&exst=OL&ist=&ast=OL&vt=w&slr=true&ea=1&cs=1_deff14c4&cb=1557718424234&jobListingId=3105053208
93,"Software Developer, Professional Services",Unity Technologies ," Austin, TX",https://www.glassdoor.com/partner/jobListing.htm?pos=329&ao=134822&s=58&guid=0000016aaf40d7bd8b985deb7ea035f6&src=GD_JOB_AD&t=SR&extid=1&exst=OL&ist=&ast=OL&vt=w&slr=true&ea=1&cs=1_eeac9e35&cb=1557718424237&jobListingId=3125055126
94,Software Developer,"Springbox, A Prophet Company "," Austin, TX",https://www.glassdoor.com/partner/jobListing.htm?pos=330&ao=215203&s=58&guid=0000016aaf40d7bd8b985deb7ea035f6&src=GD_JOB_AD&t=SR&extid=1&exst=OL&ist=&ast=OL&vt=w&slr=true&cs=1_a629f38e&cb=1557718424240&jobListingId=3227549140
95,Engineering Dashboard/Reporting Software Developer,Samsung Austin Semiconductor ," Austin, TX",https://www.glassdoor.com/partner/jobListing.htm?pos=401&ao=461297&s=149&guid=0000016aaf40f613a20f988205a873ba&src=GD_JOB_AD&t=SRFJ&extid=4&exst=OL&ist=&ast=OL&vt=w&slr=true&cs=1_18483075&cb=1557718431932&jobListingId=3182926885
96,Full Stack Software Developer,YETI Coolers ," Austin, TX",https://www.glassdoor.com/partner/jobListing.htm?pos=402&ao=507272&s=149&guid=0000016aaf40f613a20f988205a873ba&src=GD_JOB_AD&t=SRFJ&extid=4&exst=OL&ist=&ast=OL&vt=w&slr=true&cs=1_4701fdf7&cb=1557718431936&jobListingId=3151721996
97,Sr. Software Test Engineer,Visa Inc. ," Austin, TX",https://www.glassdoor.com/partner/jobListing.htm?pos=401&ao=485464&s=58&guid=0000016aaf40f6139afc9995a640f8c1&src=GD_JOB_AD&t=SR&extid=1&exst=OL&ist=&ast=OL&vt=w&slr=true&cs=1_51f80fa0&cb=1557718431946&jobListingId=3228923303
98,"Database Developer, Senior",Kapsch ," Austin, TX",https://www.glassdoor.com/partner/jobListing.htm?pos=402&ao=553234&s=58&guid=0000016aaf40f6139afc9995a640f8c1&src=GD_JOB_AD&t=SR&extid=1&exst=OL&ist=&ast=OL&vt=w&slr=true&cs=1_6f47de8e&cb=1557718431949&jobListingId=3142329248
99,Software Developer,National Western ," Austin, TX",https://www.glassdoor.com/partner/jobListing.htm?pos=403&ao=37049&s=58&guid=0000016aaf40f6139afc9995a640f8c1&src=GD_JOB_AD&t=SR&extid=1&exst=OL&ist=&ast=OL&vt=w&slr=true&cs=1_d6d4668d&cb=1557718431952&jobListingId=3140781349
100,Software Developer,Kelly Services ," Austin, TX",https://www.glassdoor.com/partner/jobListing.htm?pos=404&ao=245046&s=58&guid=0000016aaf40f6139afc9995a640f8c1&src=GD_JOB_AD&t=SR&extid=1&exst=OL&ist=&ast=OL&vt=w&slr=true&cs=1_65bfcb0f&cb=1557718431955&jobListingId=3064098701
